{
    "timeTrial_TestingGrounds": 46.4087331709452,
    "reachGoal_TestingGrounds": 10.9767431874061,
    "timeTrial_Luthadel": 5.0
}