{
    "timeTrial_TestingGrounds": 43.0074536142638,
    "reachGoal_TestingGrounds": 10.9767431874061,
    "breakTargets_TestingGrounds": 28.86846849345602,
    "timeTrial_Luthadel": 5.0
}