{
    "timeTrial_TestingGrounds": 43.0074536142638,
    "reachGoal_TestingGrounds": 10.9767431874061,
    "breakTargets_TestingGrounds": 17.271913295146079,
    "timeTrial_Luthadel": 5.0
}