{
    "audioMaster": 0.00009999999747378752,
    "audioMusic": 0.30000001192092898,
    "audioEffects": 0.75,
    "audioVoiceBeeps": 0.25
}